Aha, a mám tě!
Vy jste snad celý omyl.
Najděte si české ekvivalenty!
Kdo nemá licencovaný Windows?
Většina žáků má ze sigmy strach
Oh ne, vertikálně točící se ryba
Co když kružnice je líný čtverec?
Minutu a půl a ani o sekundu více!
Proč nemačkáš na kalkukačne Břeni?
Doufám že máte zaplej spellchecker.
Nejste pistolníci na divokém západě!
Máš tuhle IP adresu? Nemáš? Chcípni!
Udělám ruletu a pak ty známky napíšu.
Takhle ti to řeknu, kdo nemá rád KFC?
Koupil jsem si Hatsune Miku klávesnici.
Už k nám do třidy chodí studentská duše.
Já nejsem vybýravej, skočím do každý díry.
Hlavně, že jsou ti mladí chytrý jako rádio!
Ve středověku byla jediná firma, katolická církev.
Proč kradete Štrůdlíkovi věci, když ho můžete ukrást celýho?